{"event_cluster":{"0":0,"1":1,"2":2,"3":3,"4":4,"5":5,"6":6,"7":7,"8":8,"9":9,"10":10,"11":11,"12":12,"13":13,"14":14,"15":16,"16":17,"17":18,"18":19,"19":20,"20":21,"21":22,"22":23,"23":24,"24":25,"25":26,"26":27,"27":28},"article_count":{"0":4,"1":4,"2":4,"3":4,"4":5,"5":5,"6":6,"7":5,"8":7,"9":5,"10":7,"11":9,"12":8,"13":13,"14":4,"15":6,"16":7,"17":4,"18":12,"19":4,"20":14,"21":28,"22":4,"23":4,"24":4,"25":14,"26":9,"27":8},"Political":{"0":1.0,"1":1.0,"2":1.0,"3":0.5,"4":0.0,"5":0.4,"6":0.6666666667,"7":0.0,"8":0.2857142857,"9":0.8,"10":0.0,"11":0.4444444444,"12":1.25,"13":0.7692307692,"14":0.5,"15":0.6666666667,"16":0.5714285714,"17":1.75,"18":0.75,"19":0.5,"20":0.2857142857,"21":0.5357142857,"22":0.0,"23":0.75,"24":0.5,"25":2.1428571429,"26":1.4444444444,"27":0.875},"Economic":{"0":2.5,"1":1.75,"2":0.75,"3":0.5,"4":0.8,"5":0.8,"6":0.8333333333,"7":0.4,"8":1.0,"9":0.0,"10":0.4285714286,"11":1.4444444444,"12":0.25,"13":0.7692307692,"14":0.75,"15":0.0,"16":0.2857142857,"17":0.0,"18":0.75,"19":0.75,"20":0.7857142857,"21":0.8928571429,"22":0.75,"23":0.75,"24":0.0,"25":0.1428571429,"26":0.0,"27":0.125},"Social":{"0":1.5,"1":0.5,"2":0.25,"3":0.25,"4":0.0,"5":0.4,"6":0.5,"7":0.2,"8":0.2857142857,"9":0.0,"10":0.8571428571,"11":0.4444444444,"12":0.125,"13":0.2307692308,"14":0.25,"15":0.5,"16":0.2857142857,"17":0.75,"18":0.3333333333,"19":0.25,"20":0.2857142857,"21":0.3214285714,"22":0.25,"23":1.0,"24":0.25,"25":0.3571428571,"26":0.2222222222,"27":0.375},"Technological":{"0":3.0,"1":1.0,"2":2.25,"3":1.5,"4":2.6,"5":2.2,"6":1.5,"7":2.2,"8":2.0,"9":1.2,"10":2.7142857143,"11":1.8888888889,"12":2.5,"13":1.3846153846,"14":2.0,"15":1.0,"16":2.2857142857,"17":2.75,"18":2.6666666667,"19":2.0,"20":1.2142857143,"21":1.9642857143,"22":1.5,"23":3.0,"24":2.25,"25":2.2857142857,"26":1.8888888889,"27":1.5},"description":{"0":"Always\nBetting limits in Plinko vary by casino and game version, but typically range from as low as \u00a30.10 to \u00a3100 or more per drop.\nChoosing a licensed casino is essential for playing Plinko, ensuring a trustworthy gaming environment.\nCreating user profiles with technical storage or access is necessary for tracking users on websites or across multiple platforms.\nDelivering secure payments through trusted platforms with reliable performance is crucial for peaceful transaction ease.\nEnsuring the highest Return to Player (RTP) of around 99% in Plinko games is vital, offering great winning odds with every play.\nFinding a reputable and trustworthy developer like BGaming is essential for playing high-quality Plinko games.\nGetting instant wins with each drop in Plinko can be achieved by adjusting bet sizes based on risk comfort and budget.\nHaving access to real-time stats and trends can help players make informed decisions about their next move in Plinko game.\nInstalling the Plinko app offers seamless device access","1":"A DDoS attack targeted Group H in the CHAMPS 2026 group stage, affecting several teams including CABO-VERDE, COBRA-WERDE, and SAUDOVIA. The attack was attributed to a single IP address, but its origin and motivation remain unclear. The incident has raised concerns about the security of online sports events and the potential for future attacks on FIFA tournaments.","2":"A DDoS attack targeted ExtraHop's cloud-native network detection and response platform.\nWho was affected: ExtraHop customers who rely on the Reveal(x) 360 platform for full network transparency.\nKey technical details: The attack involved a sophisticated cyberattack that exploited vulnerabilities in the platform, allowing hackers to gain unauthorized access and disrupt service.","3":"A DDoS attack targeted Vogel IT-Medien GmbH's website.\nB The attack was carried out by a group claiming to be affiliated with the Vogel Communications Group, which used the compromised data to send targeted advertisements and perform market research.\nC The incident occurred on August 8, 2025, and affected multiple websites and online platforms owned or managed by the Vogel Communications Group.","4":"A DDoS attack targeted online casinos, causing widespread disruption to their mobile app market.\nCasinos saw a significant rise in popularity and their market size grew as a result of technological advances.\nWhile Lenovo's decision to come back with iOS 26.5 brings important changes in messaging, maps, security, and daily use.","5":"A DDoS attack targeted the MadLads NFT minted by Armani Ferrante and Tristan Yver.\nBillions of requests were routed through the crypto wallet Backpack, exceeding its capacity, causing a distributed denial of service (DDoS) attack.\nThe attack knocked out two RPC nodes serving as access points to the Solana blockchain and the user interface on Cloudflare.","6":"A DDoS attack targeted Microsoft 365, causing widespread disruption to enterprise communication systems. The attack was likely launched using a sophisticated AI-assisted attack tool, exploiting vulnerabilities in the software's native security filters. Microsoft has since patched the vulnerability and warned users of potential future attacks.","7":"A Radware Bot Manager has enhanced its features to offer advanced security for native mobile applications.\nBearing in mind that traditional security controls are limited in detecting sophisticated bots, Radware Bot Manager's advances provide integrated authentication and new identity algorithms.\nCiting increasing sophistication of bot attacks, Gabi Malka notes that defending against their tactics requires proactive security.","8":"A Telxius has installed two new scrubbing centers in Latin America to strengthen protection against Distributed Denial-of-Service attacks on its network.\nThe new mitigation centers are strategically located, one on the Pacific coast, in Lur\u00edn, Peru, and the other on the Atlantic coast, in Santos, Brazil, boosting the mitigation capacity of its anti-DDoS service.\nThese two scrubbing centers add to Telxius\u2019 existing mitigators in USA and Europe and take advantage of the company\u2019s low-latency high-availability submarine cable infrastructure for traffic handling.","9":"A DDoS attack targeted a Dark Web forum, compromising user data and disrupting online activities.\nThe incident was attributed to a state-sponsored actor, who used the platform to spread malware and steal sensitive information.\nRed Hot Cyber announced a new live-class on Dark Web & Cyber Threat Intelligence, offering an immersive learning experience.","10":"A DDoS attack targeted openSUSE Leap 15.4, causing widespread disruption.\nThe attack exploited a previously unknown vulnerability in the 'pkgconf' package, which is part of the openSUSE Leap 15.4 distribution.\nSeveral security updates for affected systems were released to patch the vulnerability and prevent further attacks.","11":"A DDoS attack targeted several organizations in 2022, prompting hackers to adopt more professional and corporate tactics to ensure higher returns.\nRansomware remains one of the biggest cybersecurity threats that organizations and governments continue to face, with attackers using various extortion techniques to extort data from victims.\nWith the rise of ransomware-as-a-service, cybercriminals have made it easier for others to launch attacks, including distributed denial-of-service protection.","12":"A Distributed Denial of Service (DDoS) attack targeted Israeli internet sites, including those of universities and government institutions.\nThe attacks were carried out by a group called \"Anonymous Sudan,\" which claimed responsibility for the cyberattacks as a response to Israel's policies towards the Palestinian Authority.\nKey technical details included that the attacks used a DDoS method to overwhelm the websites' servers with requests.",