{"event_cluster":{"0":0,"1":1,"2":2,"3":3,"4":4,"5":5,"6":6,"7":7,"8":8,"9":9,"10":10,"11":11,"12":12,"13":13,"14":14,"15":16,"16":17,"17":18,"18":19,"19":20,"20":21,"21":22,"22":23,"23":24,"24":25,"25":26,"26":27,"27":28},"article_count":{"0":4,"1":4,"2":4,"3":4,"4":5,"5":5,"6":6,"7":5,"8":7,"9":5,"10":7,"11":9,"12":8,"13":13,"14":4,"15":6,"16":7,"17":4,"18":12,"19":4,"20":14,"21":28,"22":4,"23":4,"24":4,"25":14,"26":9,"27":8},"Political":{"0":1.0,"1":1.0,"2":1.0,"3":0.5,"4":0.0,"5":0.4,"6":0.6666666667,"7":0.0,"8":0.2857142857,"9":0.8,"10":0.0,"11":0.4444444444,"12":1.25,"13":0.7692307692,"14":0.5,"15":0.6666666667,"16":0.5714285714,"17":1.75,"18":0.75,"19":0.5,"20":0.2857142857,"21":0.5357142857,"22":0.0,"23":0.75,"24":0.5,"25":2.1428571429,"26":1.4444444444,"27":0.875},"Economic":{"0":2.5,"1":1.75,"2":0.75,"3":0.5,"4":0.8,"5":0.8,"6":0.8333333333,"7":0.4,"8":1.0,"9":0.0,"10":0.4285714286,"11":1.4444444444,"12":0.25,"13":0.7692307692,"14":0.75,"15":0.0,"16":0.2857142857,"17":0.0,"18":0.75,"19":0.75,"20":0.7857142857,"21":0.8928571429,"22":0.75,"23":0.75,"24":0.0,"25":0.1428571429,"26":0.0,"27":0.125},"Social":{"0":1.5,"1":0.5,"2":0.25,"3":0.25,"4":0.0,"5":0.4,"6":0.5,"7":0.2,"8":0.2857142857,"9":0.0,"10":0.8571428571,"11":0.4444444444,"12":0.125,"13":0.2307692308,"14":0.25,"15":0.5,"16":0.2857142857,"17":0.75,"18":0.3333333333,"19":0.25,"20":0.2857142857,"21":0.3214285714,"22":0.25,"23":1.0,"24":0.25,"25":0.3571428571,"26":0.2222222222,"27":0.375},"Technological":{"0":3.0,"1":1.0,"2":2.25,"3":1.5,"4":2.6,"5":2.2,"6":1.5,"7":2.2,"8":2.0,"9":1.2,"10":2.7142857143,"11":1.8888888889,"12":2.5,"13":1.3846153846,"14":2.0,"15":1.0,"16":2.2857142857,"17":2.75,"18":2.6666666667,"19":2.0,"20":1.2142857143,"21":1.9642857143,"22":1.5,"23":3.0,"24":2.25,"25":2.2857142857,"26":1.8888888889,"27":1.5},"description":{"0":"DDoS\u653b\u51fb - 8 news articles\n\n*   Microsoft Digital Defence Report: Nation-state cyberattacks become more brazen as authoritarian leaders ramp up aggression.\n*   Adobe Flash Player malicious campaign detected by cybersecurity researchers from Zimperium.\n*   Microsoft releases Patch Tuesday update to fix six actively exploited Zero Days and a total of 68 flaws, including vulnerabilities in Windows and Internet Explorer.\n*   Researchers from Zimperium discover that the malware is distributing a botnet called Cloud9, which can steal online accounts, log keystrokes, silently load ads, and use the browser for Distributed Denial of Service (DDoS) attacks.\n*   The attackers are likely using a command-and-control server used by Keksec, a group known for their botnet services.\n*   Researchers from Zimperium warn that if left unchecked, the malware could become even more dangerous as it continues to spread and target multiple IP addresses worldwide.\n*   Microsoft Digital Defence Report: Nation-state cyberattacks","1":"Iran hat einen DDoS-Angriff auf die Zentralbank verhindert, der gestern Nacht stattgefunden hat. Der Angriff, der von einer globalen Hacking-Gruppe durchgef\u00fchrt wurde, versuchte, Server der Bank zu \u00fcberlasten und sie zu sch\u00e4digen. Der Iran hat den Angriff erfolgreich abgewehrt.\n\nDer Zentralbank war Ziel eines DDoS-Angriffs gestern Nacht. Die Angriffe zielen darauf ab, Server lahmzulegen, indem diese mit Anfragen \u00fcberflutet werden. Anonymous und andere globale Hacking-Gruppen hatten im Oktober mit Cyberangriffen auf iranische Institutionen und Staatsvertreter gedroht, um die regierungskritischen Proteste zu unterst\u00fctzen.\n\nDie Zentralbank war im September kurzzeitig von einem DDoS-Angriff ausgeschaltet worden. Der Iran hat berichtet,","2":null,"3":null,"4":null,"5":null,"6":null,"7":null,"8":null,"9":null,"10":null,"11":null,"12":null,"13":null,"14":null,"15":null,"16":null,"17":null,"18":null,"19":null,"20":null,"21":null,"22":null,"23":null,"24":null,"25":null,"26":null,"27":null}}